date,label_actual,label_predicted,value,content
2021-03-22 07:10:55,,NEUTRAL,0.7453607320785522,Es la reacci√≥n de la vacuna Pfizer y el amor hacia la represora romo que lo pone alterado al USURERO
2021-03-26 01:40:45,,NEGATIVE,0.7392306923866272,"- ""M√°s de 576 fueron convocados para la de en"
2021-04-03 16:34:05,,NEGATIVE,0.9795829653739929,"Por qu√© no traen a Ecuador est√° vacuna? Motivos pol√≠ticos, econ√≥micos o de salud?"
2021-06-22 18:42:22,,NEGATIVE,0.6619711518287659,"Se ponen escogedores con la vacuna, por que no te van a dejar entrar a otros pa√≠ses, ü§£ü§£ü§£ no viajan ni a un p√∫eblito de mi lindo Ecuador y andan hechos los adefeciosos. Vacunate se responsable."
2021-07-07 16:17:12,,NEUTRAL,0.9617791175842285,"üìçManta | ¬°Ecuador se reactiva con la vacuna! üá™üá®Este mi√©rcoles, 9 empresas empezaron la inoculaci√≥n a sus colaboradores. El viceministro de Acuacultura y Pesca, participa del inicio del Plan de Vacunaci√≥n del Sector Estrat√©gico. üí™"
2021-03-02 00:57:17,,NEUTRAL,0.9810398817062378,Espol anunci√≥ que Ecuador cuenta con un prototipo de vacuna contra el covid-19. Y se prev√© que en los pr√≥ximos meses empiece la fase de pruebas con el apoyo del INSPI y ESPE El estudio permitir√° estar listos ante posible cambio  en la secuencia gen√©tica de SARS-CoV-2
2021-08-01 23:30:00,,NEGATIVE,0.5935842394828796,| Consumo de alcohol y vacuna: ¬øQu√© hacer antes y despu√©s?  üëâüèª
2021-04-05 17:20:23,,NEUTRAL,0.5622240304946899,"Qu√© El Ecuador tenga la sola posibilidad de elegir entre un Se√±or y un s.a.b.i.d.o, hace pensar que estamos peor que contagiados con una quinta cepa de Covid 19. La vacuna es el VOTO."
2021-03-30 21:00:00,,NEUTRAL,0.839857816696167,"üò∑ ¬øQu√© pasa con el clima en Ecuador? ¬øCu√°les son los mitos alrededor de la vacuna? Estos y otros temas en DIALOGUEMOS TV , la alianza entre la Academia y la Comunidad.  üëâüì∫ ¬°Pr√≥ximamente por la se√±al de !"
2021-07-20 15:11:33,,NEUTRAL,0.9720215201377869,"Yo nooooooooooooo quiero vacuna.  Es MI DERECHO Y LA CONSTITUCI√ìN ME RESPALDA. AL CARAJO LAS PERSONAS QUE QUIERAN OBLIGARNOS, QU√â SE VAYAN A LEER LAS LEYES SUPREMAS."
2021-03-15 17:26:23,,NEUTRAL,0.9207461476325989,Todos intentando abrir esa pag del MPS para inscribirse en la vacuna mientras el gobierno vacunando a sus panas
2021-06-23 18:48:46,,NEUTRAL,0.6157684922218323,Una sola dosis de vacuna de ARNm agrega protecci√≥n contra el CoVID-19. La segunda dosis no agrega un cambio considerable.  Las 108.810 dosis de Pfizer que ingresaron al ecuador pueden resultar en 108.810 pacientes inmunizados! 
2021-03-15 15:07:15,,NEUTRAL,0.9851521253585815,As√≠ deben inscribirse a adultos mayores para recibir vacuna contra covid-19 en Ecuador INFORME:
2021-03-24 15:11:51,,NEUTRAL,0.5312637686729431,üá™üá∏Espa√±a -28 millones de vacunas Covid m√°s hasta Junio  üáÆüáπItalia -Vuelve al confinamiento  üá´üá∑Francia -Confina Par√≠s por 1 mes para frenar contagios  üá∏üá™Suecia - Autoriza vacuna AstraZeneca para mayores de 65 a√±os  üá™üá®Ecuador -Renuncian 4 Ministros de Salud en 1 a√±o
2021-07-16 21:27:58,,NEUTRAL,0.7715980410575867,"| Ecuador suma 925 nuevos casos de COVID-19 y acumula 473.647 durante la pandemia. Hasta la fecha, m√°s de cinco millones de personas han recibido la primera dosis de la vacuna."
2021-03-18 18:54:28,,NEUTRAL,0.776580274105072,"""Estos son los pasos para inscribirse en la plataforma para recibir la vacuna contra el covid-19 en Ecuador"
2021-05-29 10:46:39,,POSITIVE,0.9492807984352112,"M√°s vacunados es mejor para el mundo gracias a la Gran Naci√≥n, en algunos aeropuertos de USA est√°n poniendo la vacuna Jhonson, los q pueden vayan xq en ecuador todav√≠a est√° verde"
2021-05-25 19:52:56,,NEGATIVE,0.9414160251617432,Hay alguna estad√≠stica de cu√°nta gente no desea la vacuna en Ecuador?
2021-07-07 18:58:34,,NEUTRAL,0.5739136934280396,"En Finlandia, una enfermera se preocupa de optimizar el contenido de las ampollas de vacunas para poder vacunar a m√°s personas. Lo comunica a sus jefes para propagar  En Ecuador, una enfermera pincha a una persona y no le inyecta el l√≠quido de la vacuna. ¬°Vayan a saber por qu√©!"
2021-04-26 22:21:16,,POSITIVE,0.9347792863845825,"Lassito por favor por el pais ayudanos con las vacunas, vacuna a todo el Ecuador lo mas pronto posible. gracias totales Dios te bendiga."
2021-03-15 15:24:44,,NEUTRAL,0.5904605984687805,"Desde este lunes 15 de marzo, las personas mayores de 65 a√±os que a√∫n no han recibido la de contra el en podr√°n registrarse en la p√°gina web"
2021-07-26 02:14:48,,NEGATIVE,0.8451600074768066,"Que bueno q ya tenga su vacuna. Espero q no sea la SPUNITK V. Esa solo sirve para viajar a Uruguay , obvio Cuba , Venezuela, Ecuador , Bolivia y Per√∫"
2021-04-06 21:00:00,,NEGATIVE,0.7199837565422058,Fanny Cevallos tuvo que esperar dos meses para conseguir la vacuna pentavalente para su hija. ¬øPor qu√© hay escasez de vacunas para ni√±os en el pa√≠s? Lee la Escasez de vacunas para ni√±os en Ecuador: no es culpa de la
2021-06-03 23:29:23,,NEUTRAL,0.8462345004081726,Ya hay vacuna en ecuador para todos son importar edad ?
2021-04-10 01:04:33,,NEGATIVE,0.9716861248016357,"Pero a√∫n no est√° aprobada esa vacuna, porqu√© no traen Pfizer, moderna. Astrazeneca que no venga a Ecuador."
2021-03-24 17:54:48,,NEUTRAL,0.9935398697853088,M√°s de 9.000 voluntarios en Ecuador para vacuna china -
2021-08-04 20:04:06,,NEUTRAL,0.9541028141975403,"Adem√°s de Coronavac, vacuna mayoritaria en Chile y presente tambi√©n en otros pa√≠ses de la regi√≥n como Brasil, Colombia, Ecuador, M√©xico o Uruguay, la planta producir√° dosis de preparados contra la influenza y la hepatitis."
2021-07-18 04:04:49,,NEUTRAL,0.9370888471603394,"Muy acertadas las palabras del alcalde la mejor medida ser√° el uso correcto de la mascarilla y m√°s protocolos. La nueva variante est√° en Ecuador, por eso hay que acudir por la vacuna y seguir con los cuidados. chch"
2021-03-16 01:49:11,,NEUTRAL,0.87738037109375,"ATENCI√ìN  Ecuador acaba de descubrir la primera contraindicaci√≥n absoluta de la vacuna Prizer: ""Pacientes con proletariado cr√≥nico activo sin signos de apadrinamiento """
2021-05-20 04:35:10,,NEUTRAL,0.6941083073616028,Amigo ven a vacunarte ac√°. Cuando la vacuna llegue a ecuador ser√° muy tarde.
2021-03-03 19:20:03,,NEGATIVE,0.5111962556838989,"[VIDEO] | M√°s de 249,26 millones de personas a escala mundial ya han recibido, al menos, una dosis de la vacuna contra el Ecuador no llega ni al 1% de vacunaci√≥n. ¬ª"
2021-08-05 22:15:00,,POSITIVE,0.7533833980560303,| Ecuador y Rusia analizan establecer planta para la producci√≥n de la vacuna contra Sputnik ¬ª
2021-05-16 01:32:43,,NEUTRAL,0.9932190775871277,Daniel_RiosVE: aprueba el uso de la vacuna rusa contra el Sputnik V.
2021-03-12 04:17:09,,NEUTRAL,0.7041786909103394,dona 95 mil dosis de vacuna antipoliomiel√≠tica al gobierno de
2021-06-11 17:10:03,,NEUTRAL,0.9576907157897949,"| El gobierno de Ecuador anunci√≥ que comprar√° 6 millones de dosis de la vacuna CanSino contra el coronavirus, medida con la que espera cumplir la meta de inmunizar a nueve millones de personas en 100 d√≠as."
2021-06-11 09:37:11,,NEGATIVE,0.9690718054771423,Da l√°stima ver que correistas descarados aun persiven sueldos pagados por el pueblo. Definitivamente la sarna correista es una enfermedad a sido para el Ecuador tan dificil de salir como el Sars! Pero no solo se hay full contagiados si no que no hay vacuna para la idiotez
2021-06-08 17:38:05,,NEUTRAL,0.4826047420501709,Una buena noticia en el combate a la pandemia en Ecuador: 6 millones de dosis de la vacuna china de CanSino llegar√°n a Ecuador v√≠a
2021-03-24 18:03:03,,NEUTRAL,0.9626279473304749,‚öΩ Responde a nuestra encuesta de hoy ü§î¬øEstar√≠as de acuerdo con que retorne el p√∫blico los estadios en a pesar de no contar con la vacuna a√∫n ?  üì∫ No te pierdas üèÜ desde las 13h45 con y
2021-07-12 23:24:27,,NEUTRAL,0.5311146378517151,"En CHILE fueron los pasajes del METRO...En ECUADOR los precios de la GASOLINA...En COLOMBIA la reforma TRIBUTARIA...FUE EL ESPEJISMO DE LOS COMUNISTAS PARA TOMARSE...""EL PODER""...EN CUBA SERA LA VACUNA QUE LOS SACARA DEL PODER...""Ojo por Ojo...Diente por Diente""FUERA COMUNISTAS!"
2021-03-19 17:01:55,,NEUTRAL,0.9796172380447388,"La inestabilidad institucional en el tras otra de su titular, el ensayo cl√≠nico en con una vacuna el cronograma de vacunaci√≥n en el el dise√±o de la papeleta  y temas marcan la presente agenda informativa."
2021-05-02 19:51:09,,NEGATIVE,0.699826717376709,"Si hay chance pero necesita la carta de la Farmac√©utica aceptando dar vacunas,  el compromiso del Municipio que sean gratuitas y que sea una vacuna autorizada por Arcsa. Por ejemplo la Sputnik V aun no podr√≠a suministrarse en Ecuador"
2021-03-07 02:53:23,,NEUTRAL,0.9908871054649353,Chile env√≠a 40.000 dosis de vacuna Sinovac para personal m√©dico de Ecuador y¬†Paraguay
2021-04-24 04:06:50,,NEUTRAL,0.9924914836883545,S√≠ntomas leves se pueden presentar luego de recibir tu primera dosis de la vacuna contra el Covid-19. Sigue los canales oficiales del Ministerio Salud Ecuador y acude al m√©dico solo cuando sea necesario.
2021-07-12 16:05:02,,NEUTRAL,0.7518970966339111,"estimado Dr. tengo una pregunta quiz√°s me pueda ayudar? Si me pongo la primera dosis ac√° en Ecuador (podr√≠a tocarme cualquier marca de vacuna q no hay en EEUU) y la segunda dosis tengo q hacerla en EEUU xq empiezo clases all√° en Agosto, puedo combinar las vacunas?"
2021-05-15 22:10:59,,NEGATIVE,0.845521092414856,Mientras que en Ecuador ruegan por una vacuna.
2021-04-10 11:12:12,,NEUTRAL,0.6437874436378479,"Para que Reino Unido llegue a la inmunidad colectiva ha debido alcanzar al 46.9% de su poblaci√≥n con la vacuna. Comenz√≥ el 13-diciembre y ha inyectado al 0.41% de la poblaci√≥n cada d√≠a. Ecuador inici√≥ el 21-enero, va a un promedio de 0.02% por d√≠a y llega al 1.4% de la poblaci√≥n."
2021-08-02 21:57:25,,NEUTRAL,0.8793134689331055,Solo podr√°n salir de sus casas los no vacunados que deban prestar o recibir alg√∫n servicio de salud o quienes acepten la vacuna contra el COVID-19. . . . M√°s detalles en el siguiente enlace:
2021-03-05 20:31:27,,NEGATIVE,0.7491642236709595,Cada Municipio de Ecuador  q pueda comprar vacunas AntiCovid debe hacerlo para contrarrestar la ineptitud del Gobierno.  Luego debe devolver los recursos ya que era obligaci√≥n de esa cartera del estado proporcionar la vacuna pero la corrupci√≥n lo impidi√≥
2021-07-05 11:21:47,,NEUTRAL,0.7834264636039734,"Inicia un nuevo mes, una nueva semana, un nuevo d√≠a. Resurge la esperanza en un nuevo Ecuador SANO, pr√≥spero, retomando el ritmo q necesitamos para salir adelante. En nosotros est√° la clave para lograrlo.Toda vacuna SALVA VIDAS y nos permite continuar viviendo. Vacunemonos todos"
2021-06-10 14:01:19,,NEUTRAL,0.8804152607917786,"(((üî¥))) EN VIVO  Atento Ecuador üá™üá®  üëÅÔ∏è‚Äçüó®Ô∏è Ojo al Cristo ciudadan√≠a, el Vicepresidente acudi√≥ a recibir su vacuna contra la en el Colegio Benalc√°zar, al norte de LA VERDAD NOS HAR√Å LIBRE."
2021-03-11 23:50:21,,NEGATIVE,0.9794657230377197,Lo vuelvo a compartir a los programados mentales... En Ecuador est√°n terriblemente convencidos que si se inyectan y no les importa que mierda tiene la vacuna... estar√°n a salvo...
2021-05-02 15:55:44,,NEUTRAL,0.5770701766014099, ECUADOR NO SE VACUNA Se public√≥ que para abril del 2021 llegar√≠an 1.700.000 vacunas. Hasta el 23 de abril se vacunaron cerca de 650.000 personas. ¬øPodr√° el presidente Lasso cumplir su meta de 100 d√≠as?
2021-05-13 03:09:27,,POSITIVE,0.771774172782898,"Sin duda a la hora de decidir por el mejor f√°rmaco, vacuna o tratamiento, los incentivos financieros son factores que sopesan dentro de las decisiones de la pol√≠tica Estatal, Ecuador es prueba de ello."
2021-07-05 23:14:33,,NEUTRAL,0.892886757850647,"El 2 de julio Lavrov y Montalvo debatieron en una conversaci√≥n telef√≥nica los suministros de la vacuna anti-COVID rusa Sputnik V a Ecuador; adem√°s, hablaron de las posibilidades para el desarrollo de la cooperaci√≥n ruso-ecuatoriana."
2021-07-21 23:23:27,,NEUTRAL,0.9087092280387878,"un peine; y para comer: un vaso, un plato y un juego completo de cubiertos. La misi√≥n consigui√≥ llevar la vacuna hasta las islas Canarias, Venezuela, Colombia, Ecuador, Per√∫, Nueva Espa√±a, las Filipinas y China.El barco llevaba instrumental quir√∫rgico e instrumentos cient√≠ficos,"
2021-05-06 12:53:20,,NEUTRAL,0.5153862833976746,"¬øQu√© esperan para aprobarla ac√°?.   Es solo una decisi√≥n pol√≠tica, al igual que con la vacuna China que est√° en prueba etapa 3 en Ecuador. (Ya fue aprobada para uso de emergencia en algunos pa√≠ses con excelentes resultados)."
2021-05-17 00:52:00,,NEUTRAL,0.9853581786155701,Se viene Vacuna Gate versi√≥n FEF Ecuador
2021-06-11 22:17:58,,NEUTRAL,0.8738526701927185,"El presidente de Guillermo Lasso, de 65 a√±os, esper√≥ su turno y recibi√≥ la primera dosis de vacuna contra el seg√∫n el plan de vacunaci√≥n que impulsa su gobierno."
2021-03-19 17:10:07,,POSITIVE,0.7182222008705139,"Eso de la vacuna es lo de menos, indique que bajar√°n los intereses inmorales de los cuatro bancos due√±os de Ecuador. Adem√°s los intereses que cobra la aduana quiebran empresas que dan trabajo a ecuatorianos."
2021-06-07 19:21:04,,NEUTRAL,0.6699419617652893,"El presidente de la Rep√∫blica del Ecuador tiene tiempo para responderle un tuit a un troll, pero cuando un ciudadano del pueblo le pregunta por la vacuna, se mete la lengua con letras y todo por all√° donde no llega el sol. ¬° Cosa ma' grande e' la vida!..üôÑ"
2021-06-27 01:06:12,,POSITIVE,0.6297369003295898,"Espero que Dios pueda despertar de inmediato al Sr. Presidente de Ecuador para que comprenda: La vacuna china es una copia del virus y es una lesi√≥n secundaria.  Es una conspiraci√≥n que conmocion√≥ al mundo.  Que Dios bendiga la vida del pueblo ecuatoriano, lejos de la vacuna"
2021-03-20 01:59:01,,NEUTRAL,0.8406098484992981,"Gran m√©rito de Cuba poder producir una vacuna! Aca en el Ecuador, no podemos armar una importacion eficiente de vacunas, no se diga, producirla. Eso debe cambiar!"
2021-06-11 03:52:10,,NEUTRAL,0.9039061665534973,"Estimado se√±or presidente, este es un asunto vital, su vida es del pa√≠s de Ecuador, no de la suya, debe tener cuidado con las vacunas.  Esta vacuna es una tecnolog√≠a de nanomateriales, no para prevenir la infecci√≥n por virus, sino para cooperar con el injerto de virus, lo que"
2021-05-24 18:00:14,,NEUTRAL,0.9034420847892761,NOTICIERO 24/05/2021  üìå El ministro de Defensa de Colombia se enfrenta a dos mociones de censura üìå Guillermo Lasso toma posesi√≥n como presidente de Ecuador üìå El presidente de Bolivia se vacuna con la primera dosis de Sputnik V   üëâ  Con
2021-07-04 05:19:03,,NEUTRAL,0.6254448890686035,Lleg√≥ al Ecuador un cargamento con 2 millones de dosis de la vacuna de Sinovac.
2021-03-29 22:21:25,,NEUTRAL,0.592637836933136,Este problema ya fue solucionado como el de muchos otros adultos mayores y poco a poco el plan de vacunaci√≥n avanza cooperemos con el mismo para que dar m√°s √°gil y la vacuna llegu√© a cada ciudadano del ecuador el presidente est√° haciendo su parte
2021-04-06 14:50:27,,NEUTRAL,0.9872274994850159,"Estimado Holbach, De acuerdo con su tweet. Generamos empleo, pagamos un sinn√∫mero de cuentas, proveedores, es decir somos una pieza importante de la  econom√≠a ecuatoriana. Miles dependen del TURISMO. SE√ëORES LA VACUNA ES PRIORIDAD. Vacunando al sector AYUDAN A MILES. SE ENTENDIO?"
2021-08-09 19:02:14,,NEGATIVE,0.9898696541786194,"En Twitter no es cuesti√≥n de ortograf√≠a, mi objetivo es que dicen los cient√≠ficos si en Ecuador no hay un centro de atenci√≥n cient√≠fica, debes de investigar, y lo China ellos no tienen ninguna vacuna, solo es un Guerra fr√≠a, el Sars Cov 2 no es mortal, es un invento medi√°tico."
2021-03-09 00:30:22,,NEGATIVE,0.9921720623970032,Nosotros Ecuador somos un estado fallido por la mala gesti√≥n de la vacuna para los ciudadanos comunes se ha vuelto una quimera
2021-03-15 13:40:26,,NEGATIVE,0.6016994714736938,"Garant√≠a de vacuna es sin√≥nimo de pruebas en diferentes fases hasta conseguir lo m√°s cercano al 100% de inmunidad. Insisto: el grupo de negociadores es endeble. Otros paises(Chile, Ecuador) por ejemplo tienen contratos por millones de vacunas. Y ac√°? Solo sobras...como Tuman..."
2021-06-10 07:55:01,,NEUTRAL,0.843113899230957,Ecuador permitir√° ingreso sin PCR de quienes hayan recibido dosis completa de cualquier vacuna - Descifrado 
2021-07-30 12:36:10,,NEUTRAL,0.974937915802002,"Mientras m√°s personas estemos vacunadas ‚úÖ contra la COVID-19, m√°s cerca estaremos de estar a salvo de la pandemia. Recuerda: la vacuna es nuestro derecho y es nuestra responsabilidad vacunarnos. ¬øT√∫ ya te vacunaste?. miembro de GTRM en Ecuador. "
2021-04-26 01:58:21,,NEUTRAL,0.7690262794494629,Robaron todo lo que pudieron con los insumos: no hay investigaci√≥n  Desaparecieron gran cantidad de muertos: no hay investigaci√≥n  Vacunaron a los amigos del gobierno: no hay investigaci√≥n Sr. denuncia una vacuna que no le pusieron: detenido para investigaci√≥n Que lujo ecuador!
2021-06-11 23:05:20,,NEUTRAL,0.994652271270752,"El presidente de Ecuador Guillermo Lasso, se vacuna contra la covid-19 antes de viajar a EEUU."
2021-06-01 05:28:00,,NEGATIVE,0.6363587975502014,La situaci√≥n econ√≥mica est√° dif√≠cil. Pero creo que s√≠ podemos contribuir pagando la vacuna y ese valor econ√≥mico sirva para comprar vacuna para quien en la actualidad no lo puede. La opci√≥n para quienes deseen pagar la vacuna y a su vez contribuir con quien no lo pueda
2021-06-21 05:47:00,,NEUTRAL,0.4466613531112671,Venezuela vacuna al Ecuador con otro milagroso empate:
2021-07-16 23:56:50,,POSITIVE,0.5736292600631714,45 PERSONAS VACUNADAS CON DOS DOSIS DE LA VACUNA CHINA SINOVAC SUFREN DE COVID EN EL ECUADOR. Amarillistas de m.
2021-06-02 22:00:44,,NEGATIVE,0.9175814986228943,"üò¢ RESPETO üò¢ DT de Le estoy diciendo al mundo; necesita ayuda, todos tenemos derecho a vivir y  vacunarnos. Tengo amigos que nunca m√°s lo voy a ver porque no tuvieron acceso a una vacuna. Eso me duele en el alma..."
2021-05-02 22:30:47,,NEUTRAL,0.9453541040420532,"|   Agentes de la ATM reciben primera vacuna REDACCI√ìN NOTI AM√âRICA (ECUADOR)  AUTOR: Henry Garrido  La jornada de vacunaci√≥n contra el Covid-19, que lleva adelante el Ministerio de Salud P√∫blica (MSP) y el Municipio"
2021-04-21 19:41:49,,NEUTRAL,0.682195246219635,Me imagino un Ecuador donde la vacuna Pfizer para los pelucones y para el pueblo la que sea.. Sera que esta pasando?
2021-07-14 14:19:54,,NEUTRAL,0.7091522216796875,En redes sociales el Presidente Guillermo Lasso inform√≥ que el d√≠a de ayer se aplicaron en el pa√≠s 268.199 dosis de la vacuna contra el Covid-19.  Adem√°s dijo que 76.050 dosis de la vacuna Pfizer llegaron a Ecuador.
2021-07-16 13:07:38,,NEUTRAL,0.4466613531112671,COVID-19 üó£üì∞ | ECUADOR AUTORIZA EL INGRESO DE LA VACUNA DE
2021-06-11 14:18:00,,NEUTRAL,0.98716139793396,Ecuador concreta la adquisici√≥n de seis millones de vacuna CanSino.
2021-08-05 17:57:41,,NEUTRAL,0.8663833737373352,"Hoy se aplica la segunda dosis de la vacuna contra covid-19 a funcionarios y personal contratista de , completando la inoculaci√≥n que busca salvaguardar la salud de todos ante el coronavirus."
2021-08-05 18:00:01,,NEUTRAL,0.9771485328674316,Llegaron a Ecuador las primeras 200.000 dosis de la vacuna Esta f√≥rmula es monodosis y se aplicar√° en personas que viven en zonas alejadas de la Sierra y Amazon√≠a ecuatoriana y a personas privadas de
2021-05-06 11:22:30,,NEUTRAL,0.5354591012001038,"Depende, hay empresas en ecuador que fabrican otros tipos de vacuna? Si no, entonces el problema se encontrar√° m√°s en la maquinaria y el manejo de la misma por personal capacitado."
2021-05-25 13:49:07,,NEUTRAL,0.9548125863075256,"|  A partir de ma√±ana se retomar√° el proceso para aplicar las segundas dosis, de la vacuna contra el Covid-19, a los adultos mayores y personal de salud.   ‚ñ∫‚ñ∫"
2021-04-13 01:06:41,,NEUTRAL,0.3945912718772888,"DIOS MIO, pero si esa vacuna NO SIRVE PARA MALDITA LA COSA, que quieren dejar al Ecuador sin maestros???, por fin se larga moreno y dejara de hacer pendejadas, da√±ando a mi pais."
2021-04-17 21:45:05,,NEGATIVE,0.6104033589363098,"De la misma manera se presento cuando el ex presidente Palacios cometio el mayor error de su vida al meterlo en la vida politica del Ecuador. Era un santo y luego se adue√±o del pais, rob√≥ y puso el mayor virus que se llama correismo y hasta ahora no hay la vacuna q contrareste."
2021-03-24 13:37:41,,NEUTRAL,0.9591942429542542,Una Doctora vacunada en Ecuador con vacuna Pfizer luego de vacunada se contagi√≥ y ella contagi√≥ a 4 miembros de su familia. No es menor el riesgo de confianza..
2021-05-17 22:50:40,,NEUTRAL,0.9670880436897278,"üö® 17 de mayo de 2021  üîî Vacunaci√≥n en Pcia de Buenos Aires üîî Vacuna de Sanofi üîî Pfizer dice ""no"" üîî EEUU dona vacunas üîî China dice ""s√≠"" üîî Unicef pide donaciones üîî Ecuador y Venezuela üîî ""Apartheid de vacunas""  üíâ"
2021-06-25 15:10:37,,NEUTRAL,0.8237361907958984,"Ademas esta vacuna AstraZeneca esta siendo rechazada en muchos pa√≠ses por sus efectos adversos en la sangre.. no por rumores.. son hechos, y en otros pa√≠ses esta autorizada solo para personas de mas de 60 a√±os.. y ahora estan vacunando menores de 60 en Ecuador"
2021-05-16 09:30:24,,POSITIVE,0.5425626039505005,autoriza el uso de la vacuna Sputnik
2021-04-22 15:33:16,,NEUTRAL,0.9548510313034058,Pero se reh√∫sa por principios ideol√≥gicos... ¬°Ja!  Alemania negocia la compra de 30 millones de dosis de la vacuna rusa Spu... a trav√©s de
2021-06-17 10:44:32,,NEGATIVE,0.8267004489898682,Miren lo que hacen la basura de bloquearon est√° informaci√≥n que publicaron ustdes sobre Vacuna.. escoria AstraZeneca y yo no vivo all√° me lo paso un conocido.
2021-07-29 00:00:01,,NEUTRAL,0.5954074263572693,"La pandemia cambi√≥ la vida de todas las personas para siempre. Con la vacuna üíâ, hoy podemos hacerle frente a la COVID-19. ‚ö†Ô∏è Recuerda que en Ecuador todas y todos tenemos derechos a acceder a la vacuna. "
2021-04-05 09:53:19,,NEUTRAL,0.529172956943512,"No tanto la difamaci√≥n de la profilaxis de medicamentos como la Ivermectina, HCQ y CLO2, q confirma la baja de los contagios y muertes en UCI en los pa√≠ses donde se recomienda su uso. Entre estos Per√∫, Ecuador, Bolivia y ahora Panam√°. Y no digan q fue el efecto la vacuna la baja"
2021-08-08 17:15:05,,NEGATIVE,0.7743852138519287,"Se√±ores Ministerio Salud Publica Ecuador hoy toca 2da. dosis vacuna Sinovac en los lugares asignados en Guayaquil y no est√°n atendiendo, donde mismo hay que acudir!"
2021-04-29 23:14:28,,NEUTRAL,0.8875168561935425,Al 28/abril el Ministerio de Salud P√∫blica de informa que se han aplicado 477.713 dosis de la vacuna de Pfizer contra el
2021-08-06 01:08:47,,NEUTRAL,0.9928975701332092,"Ante la demora en la llegada del segundo componente de la vacuna rusa, el gobierno realiz√≥ un estudio local para analizar la efectividad de la combinaci√≥n de las vacunas que tiene disponibles.  M√°s detalles en el siguiente enlace:"
